{
  "IcoMoonType": "selection",
  "icons": [
    {
      "icon": {
        "paths": [
          "M0 0c282.782 0 512 229.218 512 512s-229.218 512-512 512-512-229.218-512-512 229.218-512 512-512z"
        ],
        "attrs": [
          {
            "fill": "rgb(162, 42, 40)"
          }
        ],
        "width": 551,
        "isMulticolor": false,
        "isMulticolor2": false,
        "grid": 0,
        "tags": [
          "circle"
        ]
      },
      "attrs": [
        {
          "fill": "rgb(162, 42, 40)"
        }
      ],
      "properties": {
        "order": 26,
        "id": 0,
        "name": "circle2",
        "prevSize": 32,
        "code": 59669
      },
      "setIdx": 0,
      "setId": 3,
      "iconIdx": 0
    },
    {
      "icon": {
        "paths": [
          "M512 0c-282.772 0-512 229.228-512 511.99 0 282.782 229.228 512.010 512 512.010s512-229.228 512-512.010c0-282.762-229.228-511.99-512-511.99zM512 994.462c-266.033 0-482.462-216.428-482.462-482.471 0-266.023 216.428-482.452 482.462-482.452s482.462 216.428 482.462 482.452c0 266.043-216.428 482.471-482.462 482.471z",
          "M905.846 492.298h-374.154v-374.144h-39.385v374.144h-374.154v39.394h374.154v374.154h39.385v-374.154h374.154z"
        ],
        "attrs": [
          {},
          {}
        ],
        "isMulticolor": false,
        "isMulticolor2": false,
        "grid": 0,
        "tags": [
          "add"
        ]
      },
      "attrs": [
        {},
        {}
      ],
      "properties": {
        "order": 24,
        "id": 19,
        "name": "add",
        "prevSize": 32,
        "code": 59648
      },
      "setIdx": 1,
      "setId": 2,
      "iconIdx": 0
    },
    {
      "icon": {
        "paths": [
          "M624.576 0l-80.448 80.512 432.064 431.52-432.064 431.456 80.448 80.512 511.52-511.968z"
        ],
        "attrs": [
          {
            "fill": "rgb(162, 40, 38)"
          }
        ],
        "width": 1152,
        "isMulticolor": false,
        "isMulticolor2": false,
        "grid": 0,
        "tags": [
          "arrow"
        ]
      },
      "attrs": [
        {
          "fill": "rgb(162, 40, 38)"
        }
      ],
      "properties": {
        "order": 5,
        "id": 18,
        "name": "arrow",
        "prevSize": 32,
        "code": 59649
      },
      "setIdx": 1,
      "setId": 2,
      "iconIdx": 1
    },
    {
      "icon": {
        "paths": [
          "M254.705 512l388.457-394.752-117.158-117.519-510.886 512.271 510.886 512.271 117.158-117.519z"
        ],
        "attrs": [
          {
            "fill": "rgb(156, 43, 42)"
          }
        ],
        "width": 1084,
        "isMulticolor": false,
        "isMulticolor2": false,
        "grid": 0,
        "tags": [
          "back"
        ]
      },
      "attrs": [
        {
          "fill": "rgb(156, 43, 42)"
        }
      ],
      "properties": {
        "order": 6,
        "id": 17,
        "name": "back",
        "prevSize": 32,
        "code": 59650
      },
      "setIdx": 1,
      "setId": 2,
      "iconIdx": 2
    },
    {
      "icon": {
        "paths": [
          "M512 0c-282.775 0-512 229.225-512 512s229.225 512 512 512 512-229.225 512-512-229.225-512-512-512zM740.472 680.358c7.71 7.71 12.469 18.342 12.469 30.057 0 23.522-19.064 42.526-42.526 42.526-11.776 0-22.347-4.759-30.057-12.469l-168.358-168.358-168.358 168.358c-7.71 7.71-18.342 12.469-30.057 12.469-23.522 0-42.526-19.004-42.526-42.526 0-11.716 4.759-22.347 12.439-30.057l168.358-168.358-168.358-168.328c-7.68-7.71-12.439-18.342-12.439-30.088 0-23.492 19.004-42.526 42.526-42.526 11.746 0 22.347 4.759 30.057 12.439l168.358 168.358 168.358-168.358c7.71-7.65 18.281-12.439 30.057-12.439 23.462 0 42.526 19.034 42.526 42.526 0 11.776-4.759 22.377-12.469 30.088l-168.358 168.328 168.358 168.358z"
        ],
        "attrs": [
          {
            "fill": "rgb(225, 225, 225)"
          }
        ],
        "isMulticolor": false,
        "isMulticolor2": false,
        "grid": 0,
        "tags": [
          "cancle"
        ]
      },
      "attrs": [
        {
          "fill": "rgb(225, 225, 225)"
        }
      ],
      "properties": {
        "order": 7,
        "id": 16,
        "name": "cancle",
        "prevSize": 32,
        "code": 59651
      },
      "setIdx": 1,
      "setId": 2,
      "iconIdx": 3
    },
    {
      "icon": {
        "paths": [
          "M992.094 610.681c-9.539 22.043-34.708 38.050-59.877 38.050h-533.45l37.43 132.473c1.671 0.269 3.288 0.485 4.931 0.835h491.709c8.273-1.779 16.842-2.803 25.627-2.803 67.207 0 121.856 54.892 121.856 122.314 0 67.476-54.649 122.314-121.856 122.314s-121.883-54.838-121.883-122.314c0-25.007 7.545-48.263 20.426-67.638h-340.076c12.908 19.375 20.426 42.631 20.426 67.638 0 67.476-54.649 122.314-121.856 122.314s-121.883-54.838-121.883-122.314c0-56.428 38.319-103.882 90.166-117.949l-164.621-702.464c-3.449-15.522-21.046-29.13-37.699-29.13h-142.147c-14.255 0-25.843-11.641-25.843-25.977 0-14.309 11.587-25.923 25.843-25.923h142.147c40.798 0 79.495 30.639 88.145 69.74l16.276 72.947h842.968c15.064 0 28.268 7.006 36.244 19.213 8.327 12.692 9.459 29.13 3.018 43.897l-176.020 404.776zM958.437 971.992c38.75 0 70.171-31.528 70.171-70.413 0-37.484-29.184-67.988-65.94-70.198-3.368 1.644-7.087 2.587-11.021 2.587h-12.531c-29.346 8.435-50.85 35.463-50.85 67.638 0 38.858 31.421 70.387 70.171 70.387zM345.277 901.578c0 38.885 31.421 70.413 70.171 70.413s70.171-31.528 70.171-70.413c0-32.148-21.477-59.203-50.823-67.638h-13.231c-3.934 0-7.626-0.943-10.941-2.533-36.487 2.533-65.347 32.957-65.347 70.171zM297.472 194.695l89.708 402.163h545.064c5.066 0 11.345-4.312 12.477-6.899l171.897-395.264h-819.146z"
        ],
        "attrs": [
          {
            "fill": "rgb(185, 116, 116)"
          }
        ],
        "width": 1186,
        "isMulticolor": false,
        "isMulticolor2": false,
        "grid": 0,
        "tags": [
          "cart"
        ]
      },
      "attrs": [
        {
          "fill": "rgb(185, 116, 116)"
        }
      ],
      "properties": {
        "order": 8,
        "id": 15,
        "name": "cart",
        "prevSize": 32,
        "code": 59652
      },
      "setIdx": 1,
      "setId": 2,
      "iconIdx": 4
    },
    {
      "icon": {
        "paths": [
          "M483.015 625.806c0.171 0 0.37 0.028 0.54 0.028 0.199 0 0.37-0.028 0.569-0.028 219.335 0.313 397.653 178.802 397.653 398.194h85.333c0-205.739-128.711-381.013-309.845-450.873 83.911-56.121 139.179-151.666 139.179-260.181 0-172.8-140.089-312.889-312.889-312.889-172.772 0-312.889 140.089-312.889 312.889 0 108.487 55.268 204.060 139.179 260.181-181.134 69.831-309.845 245.134-309.845 450.873h85.333c0-219.392 178.375-397.881 397.682-398.194zM256 312.946c0-125.468 102.059-227.556 227.556-227.556s227.556 102.087 227.556 227.556c0 125.298-101.774 227.214-226.987 227.527-0.199 0-0.37-0.028-0.569-0.028s-0.37 0.028-0.569 0.028c-125.184-0.313-226.987-102.229-226.987-227.527z"
        ],
        "attrs": [
          {
            "fill": "rgb(255, 241, 0)"
          }
        ],
        "width": 967,
        "isMulticolor": false,
        "isMulticolor2": false,
        "grid": 0,
        "tags": [
          "center"
        ]
      },
      "attrs": [
        {
          "fill": "rgb(255, 241, 0)"
        }
      ],
      "properties": {
        "order": 9,
        "id": 14,
        "name": "center",
        "prevSize": 32,
        "code": 59653
      },
      "setIdx": 1,
      "setId": 2,
      "iconIdx": 5
    },
    {
      "icon": {
        "paths": [
          "M0 0c282.782 0 512 229.218 512 512s-229.218 512-512 512-512-229.218-512-512 229.218-512 512-512z"
        ],
        "attrs": [
          {
            "fill": "rgb(162, 42, 40)"
          }
        ],
        "width": 551,
        "isMulticolor": false,
        "isMulticolor2": false,
        "grid": 0,
        "tags": [
          "circle"
        ]
      },
      "attrs": [
        {
          "fill": "rgb(162, 42, 40)"
        }
      ],
      "properties": {
        "order": 10,
        "id": 13,
        "name": "circle",
        "prevSize": 32,
        "code": 59654
      },
      "setIdx": 1,
      "setId": 2,
      "iconIdx": 6
    },
    {
      "icon": {
        "paths": [
          "M677.647 256v-90.353c0-37.436-23.462-60.235-61.771-60.235h-207.782c-38.249 0-61.741 22.799-61.741 60.235v90.353h-180.706v60.235h60.235v512c0 54.272 33.973 90.353 90.353 90.353h391.529c55.085 0 90.353-33.491 90.353-90.353v-512h60.235v-60.235h-180.706zM406.588 165.647h210.824l-1.265 90.353h-209.559v-90.353zM737.882 858.353h-451.765v-542.118h451.765v542.118zM466.824 376.471h-58.729l-1.506 391.529h60.235v-391.529zM617.412 376.471h-60.235v391.529h60.235v-391.529z"
        ],
        "attrs": [
          {
            "fill": "rgb(16, 46, 142)"
          }
        ],
        "isMulticolor": false,
        "isMulticolor2": false,
        "grid": 0,
        "tags": [
          "delete"
        ]
      },
      "attrs": [
        {
          "fill": "rgb(16, 46, 142)"
        }
      ],
      "properties": {
        "order": 25,
        "id": 12,
        "name": "delete",
        "prevSize": 32,
        "code": 59655
      },
      "setIdx": 1,
      "setId": 2,
      "iconIdx": 7
    },
    {
      "icon": {
        "paths": [
          "M903.529 0h-843.294c-33.25 0-60.235 26.985-60.235 60.235v903.529c0 33.28 26.985 60.235 60.235 60.235h843.294c33.28 0 60.235-26.955 60.235-60.235v-903.529c0-33.25-26.955-60.235-60.235-60.235zM903.529 963.765h-843.294v-903.529h843.294v903.529z",
          "M210.824 331.294h542.118c16.655 0 30.118-13.463 30.118-30.118 0-16.625-13.463-30.118-30.118-30.118h-542.118c-16.625 0-30.118 13.493-30.118 30.118 0 16.655 13.493 30.118 30.118 30.118zM752.941 481.882h-542.118c-16.625 0-30.118 13.493-30.118 30.118 0 16.655 13.493 30.118 30.118 30.118h542.118c16.655 0 30.118-13.463 30.118-30.118 0-16.625-13.463-30.118-30.118-30.118zM752.941 692.706h-542.118c-16.625 0-30.118 13.463-30.118 30.118s13.493 30.118 30.118 30.118h542.118c16.655 0 30.118-13.463 30.118-30.118s-13.463-30.118-30.118-30.118z"
        ],
        "attrs": [
          {
            "fill": "rgb(0, 0, 0)"
          },
          {
            "fill": "rgb(62, 22, 22)"
          }
        ],
        "width": 964,
        "isMulticolor": true,
        "isMulticolor2": false,
        "grid": 0,
        "tags": [
          "detail"
        ]
      },
      "attrs": [
        {
          "fill": "rgb(0, 0, 0)"
        },
        {
          "fill": "rgb(62, 22, 22)"
        }
      ],
      "properties": {
        "order": 12,
        "id": 11,
        "name": "detail",
        "prevSize": 32,
        "code": 59656,
        "codes": [
          59656,
          59657
        ]
      },
      "setIdx": 1,
      "setId": 2,
      "iconIdx": 8
    },
    {
      "icon": {
        "paths": [
          "M791.582 463.27c-5.15-8.915-14.547-15.179-25.751-15.179-11.174 0-20.54 6.234-25.72 15.059-2.68-0.693-4.337-0.060-4.337 4.488v293.045c0 21.534-17.98 39.063-40.026 39.063h-460.168c-22.046 0-40.026-17.528-40.026-39.063 0 0 0-507.934 0-527.48 0-21.564 17.95-39.063 40.026-39.063h360.147c2.289 0 3.464-0.452 4.156-1.144 1.958 0.392 3.795 1.144 5.843 1.144 16.565 0 30.027-13.131 30.027-29.304s-13.463-29.304-30.027-29.304c-2.409 0-4.518 0.813-6.807 1.325-0.723-0.813-1.777-1.325-3.192-1.325h-380.145c-44.152 0-80.053 35.057-80.053 78.155v566.543c0 43.098 35.9 78.155 80.053 78.155h500.224c44.152 0 80.023-35.057 80.023-78.155v-312.591c-0-2.53-1.687-3.795-4.247-4.367zM848.203 144.986c-12.439-10.692-31.413-9.517-42.376 2.62l-462.878 513.114c-10.963 12.137-9.758 30.66 2.68 41.352s31.413 9.517 42.376-2.62l462.908-513.084c10.903-12.137 9.728-30.69-2.711-41.382z"
        ],
        "attrs": [
          {
            "fill": "rgb(48, 50, 137)"
          }
        ],
        "isMulticolor": false,
        "isMulticolor2": false,
        "grid": 0,
        "tags": [
          "edit"
        ]
      },
      "attrs": [
        {
          "fill": "rgb(48, 50, 137)"
        }
      ],
      "properties": {
        "order": 13,
        "id": 10,
        "name": "edit",
        "prevSize": 32,
        "code": 59658
      },
      "setIdx": 1,
      "setId": 2,
      "iconIdx": 9
    },
    {
      "icon": {
        "paths": [
          "M768 1025.344h-704c-35.36 0-64-28.64-64-63.872v-803.136c0-35.296 28.672-61.408 64-61.408h224v64.064h-192c-17.664 0-32 14.304-32 31.936v736.608c0 17.632 14.336 31.936 32 31.936h640c17.664 0 32-14.304 32-31.936v-736.576c0-17.664-14.336-31.968-32-31.968h-192v-64.064h224c35.328 0 64 26.112 64 61.408v803.136c0 35.232-28.672 63.872-64 63.872zM320 384.64h320v64.32h-320v-64.32zM320 544.928l320-0.672v64.704h-320v-64.032zM640 767.584l-320 1.376v-64h320v62.624zM192 384.928l64-0.992v64.992h-64v-64zM192 543.552l64 1.376v64.032h-64v-65.408zM256 768.96l-64-2.048v-61.952h64v64zM608 194.944c17.696 0 32 14.304 32 31.936s0 30.048 0 30.048h-448c0 0 0-12.448 0-30.048s14.304-31.936 32-31.936h96c0 0 0.384-45.408 0.384-97.312 0-53.92 41.632-98.976 95.616-98.976s97.056 47.36 97.056 99.296c0 55.872-1.056 96.992-1.056 96.992h96zM416 94.464c-17.696 0-32 16.832-32 34.464 0 17.664 14.336 32 32 32 17.696 0 32-14.336 32-32 0-17.6-14.304-34.464-32-34.464z"
        ],
        "attrs": [
          {
            "fill": "rgb(161, 31, 36)"
          }
        ],
        "width": 832,
        "isMulticolor": false,
        "isMulticolor2": false,
        "grid": 0,
        "tags": [
          "order"
        ]
      },
      "attrs": [
        {
          "fill": "rgb(161, 31, 36)"
        }
      ],
      "properties": {
        "order": 14,
        "id": 9,
        "name": "order",
        "prevSize": 32,
        "code": 59659
      },
      "setIdx": 1,
      "setId": 2,
      "iconIdx": 10
    },
    {
      "icon": {
        "paths": [
          "M1013.862 883.712c-29.286 80.657-101.581 133.495-181.18 138.991v0.99c-497.835 0-832.41-332.8-832.41-834.526h1.434c6.451-78.746 58.675-150.016 138.206-179.029 107.998-39.39 149.197 44.988 188.518 153.259s61.85 199.441-46.148 238.865c-12.39 4.506-24.951 7.407-37.581 9.421 44.134 181.931 187.085 323.789 368.572 367.343 2.048-12.732 4.983-25.463 9.489-37.99 39.287-108.271 130.253-85.675 238.251-46.251s192.137 80.657 152.849 188.928z"
        ],
        "attrs": [
          {
            "fill": "rgb(111, 39, 39)"
          }
        ],
        "isMulticolor": false,
        "isMulticolor2": false,
        "grid": 0,
        "tags": [
          "phone"
        ]
      },
      "attrs": [
        {
          "fill": "rgb(111, 39, 39)"
        }
      ],
      "properties": {
        "order": 15,
        "id": 8,
        "name": "phone",
        "prevSize": 32,
        "code": 59660
      },
      "setIdx": 1,
      "setId": 2,
      "iconIdx": 11
    },
    {
      "icon": {
        "paths": [
          "M896 1024h-768c-70.688 0-128-57.312-128-128v-768c0-70.688 57.312-128 128-128h768c70.688 0 128 57.312 128 128v768c0 70.688-57.312 128-128 128zM896 960c35.328 0 64-28.672 64-64v-256.032l-192-192-273.184 273.152 235.808 238.88h165.376zM64 896c0 35.328 28.672 64 64 64h512.032l-321.792-321.792-254.24 227.744v30.048zM960 128c0-35.328-28.672-64-64-64h-768c-35.328 0-64 28.672-64 64v650.752l256-234.752 129.856 131.552 318.144-323.552 192 196.096v-420.096zM256 384c-70.688 0-128-57.312-128-128s57.312-128 128-128 128 57.312 128 128-57.312 128-128 128zM256 192c-35.328 0-64 28.672-64 64s28.672 64 64 64 64-28.672 64-64-28.672-64-64-64z"
        ],
        "attrs": [
          {
            "fill": "rgb(111, 39, 39)"
          }
        ],
        "isMulticolor": false,
        "isMulticolor2": false,
        "grid": 0,
        "tags": [
          "picture"
        ]
      },
      "attrs": [
        {
          "fill": "rgb(111, 39, 39)"
        }
      ],
      "properties": {
        "order": 16,
        "id": 7,
        "name": "picture",
        "prevSize": 32,
        "code": 59661
      },
      "setIdx": 1,
      "setId": 2,
      "iconIdx": 12
    },
    {
      "icon": {
        "paths": [
          "M1024 438.857h-438.857v-438.857h-146.286v438.857h-438.857v146.286h438.857v438.857h146.286v-438.857h438.857z"
        ],
        "attrs": [
          {
            "fill": "rgb(150, 68, 68)"
          }
        ],
        "isMulticolor": false,
        "isMulticolor2": false,
        "grid": 0,
        "tags": [
          "plus"
        ]
      },
      "attrs": [
        {
          "fill": "rgb(150, 68, 68)"
        }
      ],
      "properties": {
        "order": 17,
        "id": 6,
        "name": "plus",
        "prevSize": 32,
        "code": 59662
      },
      "setIdx": 1,
      "setId": 2,
      "iconIdx": 13
    },
    {
      "icon": {
        "paths": [
          "M976.474 571.934c-8.403 10.24-209.589 249.946-464.474 249.946s-456.072-239.706-464.504-249.946l-17.468-21.112 17.468-21.143c8.433-10.21 209.589-249.916 464.504-249.916s456.072 239.706 464.474 249.916l17.468 21.143-17.468 21.112zM512 344.817c-184.471 0-343.944 149.564-397.493 205.975 53.67 56.35 213.444 206.035 397.493 206.035 184.471 0 343.944-149.564 397.493-205.975-53.67-56.38-213.444-206.035-397.493-206.035zM512 691.772c-75.204 0-136.373-63.247-136.373-140.951s61.169-140.951 136.373-140.951 136.373 63.247 136.373 140.951-61.199 140.951-136.373 140.951zM512 474.925c-40.478 0-73.427 34.063-73.427 75.927s32.949 75.896 73.427 75.896 73.427-34.033 73.427-75.896-32.949-75.927-73.427-75.927z"
        ],
        "attrs": [
          {
            "fill": "rgb(0, 160, 233)"
          }
        ],
        "isMulticolor": false,
        "isMulticolor2": false,
        "grid": 0,
        "tags": [
          "preview"
        ]
      },
      "attrs": [
        {
          "fill": "rgb(0, 160, 233)"
        }
      ],
      "properties": {
        "order": 18,
        "id": 5,
        "name": "preview",
        "prevSize": 32,
        "code": 59663
      },
      "setIdx": 1,
      "setId": 2,
      "iconIdx": 14
    },
    {
      "icon": {
        "paths": [
          "M751.968 624.096c-55.68 0-103.456 31.968-127.392 78.24l-257.216-156.288c10.336-19.872 16.736-42.080 16.736-66.016 0-16.352-3.328-31.776-8.32-46.432l269.504-145.6c26.368 29.312 64.192 48.096 106.688 48.096 79.552 0 144-64.48 144-144s-64.448-144-144-144c-79.488 0-144 64.48-144 144 0 13.952 2.592 27.168 6.304 39.904l-271.84 146.848c-26.080-26.4-62.272-42.816-102.368-42.816-79.52 0-144 64.48-144 144s64.48 144 144 144c32.064 0 61.408-10.848 85.344-28.576l282.656 171.744c0 0.32-0.096 0.608-0.096 0.864 0 79.52 64.512 144 144 144 79.552 0 144-64.48 144-144s-64.448-143.968-144-143.968zM751.968 112.096c44.128 0 80 35.904 80 80s-35.872 80-80 80-80-35.904-80-80 35.872-80 80-80zM240.064 560.032c-44.096 0-80-35.904-80-80s35.904-80 80-80 80 35.904 80 80-35.872 80-80 80zM751.968 848.096c-44.128 0-80-35.872-80-80s35.872-80 80-80 80 35.872 80 80-35.872 80-80 80z"
        ],
        "attrs": [
          {}
        ],
        "isMulticolor": false,
        "isMulticolor2": false,
        "grid": 0,
        "tags": [
          "share"
        ]
      },
      "attrs": [
        {}
      ],
      "properties": {
        "order": 19,
        "id": 4,
        "name": "share",
        "prevSize": 32,
        "code": 59664
      },
      "setIdx": 1,
      "setId": 2,
      "iconIdx": 15
    },
    {
      "icon": {
        "paths": [
          "M576 183.072l100.736 270.048h265.28l-210.912 156.192 11.2 42.016 59.488 223.328-224.768-152.544-238.688 152.512 84.416-263.872-212.832-157.6h265.312l15.52-41.632 85.248-228.448zM576 0l-145.184 389.12h-414.816l331.84 245.76-124.448 389.12 352.608-225.28 331.84 225.28-103.68-389.12 331.84-245.76h-414.816l-145.184-389.12z"
        ],
        "attrs": [
          {}
        ],
        "width": 1152,
        "isMulticolor": false,
        "isMulticolor2": false,
        "grid": 0,
        "tags": [
          "staroff"
        ]
      },
      "attrs": [
        {}
      ],
      "properties": {
        "order": 20,
        "id": 3,
        "name": "staroff",
        "prevSize": 32,
        "code": 59665
      },
      "setIdx": 1,
      "setId": 2,
      "iconIdx": 16
    },
    {
      "icon": {
        "paths": [
          "M576 0l-145.184 389.12h-414.816l331.84 245.76-124.448 389.12 352.608-225.28 331.84 225.28-103.68-389.12 331.84-245.76h-414.816l-145.184-389.12z"
        ],
        "attrs": [
          {
            "fill": "rgb(131, 26, 31)"
          }
        ],
        "width": 1152,
        "isMulticolor": false,
        "isMulticolor2": false,
        "grid": 0,
        "tags": [
          "starton"
        ]
      },
      "attrs": [
        {
          "fill": "rgb(131, 26, 31)"
        }
      ],
      "properties": {
        "order": 21,
        "id": 2,
        "name": "starton",
        "prevSize": 32,
        "code": 59666
      },
      "setIdx": 1,
      "setId": 2,
      "iconIdx": 17
    },
    {
      "icon": {
        "paths": [
          "M505.984 975.317c-259.2 0-469.333-210.133-469.333-469.333s210.133-469.333 469.333-469.333 469.333 210.133 469.333 469.333-210.091 469.333-469.333 469.333zM505.984 124.672c-210.603 0-381.355 170.709-381.355 381.355 0 210.603 170.709 381.355 381.355 381.355 210.603 0 381.355-170.752 381.355-381.355 0-210.645-170.752-381.355-381.355-381.355zM696.661 550.016h-190.677c-24.32 0-43.989-19.712-43.989-43.989v-264.021c0-24.277 19.669-43.989 43.989-43.989 24.277 0 43.989 19.712 43.989 43.989v219.989h146.688c24.277 0 43.989 19.712 43.989 43.989s-19.712 44.032-43.989 44.032z"
        ],
        "attrs": [
          {
            "fill": "rgb(49, 51, 125)"
          }
        ],
        "isMulticolor": false,
        "isMulticolor2": false,
        "grid": 0,
        "tags": [
          "time"
        ]
      },
      "attrs": [
        {
          "fill": "rgb(49, 51, 125)"
        }
      ],
      "properties": {
        "order": 22,
        "id": 1,
        "name": "time",
        "prevSize": 32,
        "code": 59667
      },
      "setIdx": 1,
      "setId": 2,
      "iconIdx": 18
    },
    {
      "icon": {
        "paths": [
          "M1243.502 656.603c0-177.883-176.055-322.853-373.87-322.853-209.445 0-374.345 144.969-374.345 322.853 0 178.176 164.937 322.853 374.345 322.853 43.813 0 88.027-11.191 132.059-22.345l120.722 66.853-33.097-111.177c88.32-66.999 154.185-155.867 154.185-256.183zM748.251 600.942c-21.906 0-44.032-22.016-44.032-44.507 0-22.199 22.126-44.544 44.032-44.544 33.317 0 55.113 22.309 55.113 44.544-0 22.491-21.797 44.507-55.113 44.507zM990.354 600.942c-21.797 0-43.703-22.016-43.703-44.507 0-22.199 21.943-44.544 43.703-44.544 32.987 0 55.077 22.309 55.077 44.544 0 22.491-22.089 44.507-55.077 44.507zM841.801 309.87c14.299 0 28.343 1.024 42.35 2.597-38.071-179.237-227.657-312.43-444.087-312.43-241.957 0-440.137 166.693-440.137 378.368 0 122.222 65.938 222.537 176.128 300.361l-44.032 133.815 153.856-77.97c55.077 11.008 99.255 22.309 154.185 22.309 13.824 0 27.502-0.695 41.070-1.755-8.558-29.733-13.568-60.891-13.568-93.257 0-194.341 165.157-352.037 374.235-352.037zM605.111 189.221c33.134 0 55.113 22.053 55.113 55.515 0 33.39-21.979 55.662-55.113 55.662-32.951 0-66.085-22.272-66.085-55.662 0-33.499 33.134-55.515 66.085-55.515zM297.070 300.398c-32.951 0-66.267-22.272-66.267-55.662 0-33.463 33.28-55.515 66.267-55.515s54.967 22.053 54.967 55.515c0 33.353-21.979 55.662-54.967 55.662z"
        ],
        "attrs": [
          {
            "fill": "rgb(140, 45, 44)"
          }
        ],
        "width": 1243,
        "isMulticolor": false,
        "isMulticolor2": false,
        "grid": 0,
        "tags": [
          "weixin"
        ]
      },
      "attrs": [
        {
          "fill": "rgb(140, 45, 44)"
        }
      ],
      "properties": {
        "order": 23,
        "id": 0,
        "name": "weixin",
        "prevSize": 32,
        "code": 59668
      },
      "setIdx": 1,
      "setId": 2,
      "iconIdx": 19
    }
  ],
  "height": 1024,
  "metadata": {
    "name": "icomoon"
  },
  "preferences": {
    "showGlyphs": true,
    "showQuickUse": true,
    "showQuickUse2": true,
    "showSVGs": true,
    "fontPref": {
      "prefix": "icon-",
      "metadata": {
        "fontFamily": "icomoon",
        "majorVersion": 1,
        "minorVersion": 0
      },
      "metrics": {
        "emSize": 1024,
        "baseline": 6.25,
        "whitespace": 50
      },
      "embed": false
    },
    "imagePref": {
      "prefix": "icon-",
      "png": true,
      "useClassSelector": true,
      "color": 0,
      "bgColor": 16777215,
      "classSelector": ".icon"
    },
    "historySize": 50,
    "showCodes": true,
    "gridSize": 16
  }
}